"First Name","Last Name","Gender","Age","Email","Phone"
"James","Lloyd","Male","30","j.lloyd@randatmail.com","851-7080-67"
"Melissa","Parker","Female","24","m.parker@randatmail.com","009-6735-09"
"Thomas","Kelley","Male","23","t.kelley@randatmail.com","096-1865-38"
"Kirsten","Harris","Female","20","k.harris@randatmail.com","082-8596-93"
"Luke","Mitchell","Male","26","l.mitchell@randatmail.com","316-6441-68"
"Leonardo","Bennett","Male","22","l.bennett@randatmail.com","398-1923-73"
"Alexander","Nelson","Male","22","a.nelson@randatmail.com","936-5830-28"
"George","Reed","Male","28","g.reed@randatmail.com","536-2294-77"
"Haris","Casey","Male","23","h.casey@randatmail.com","937-4534-89"
"Adison","Casey","Male","30","a.casey@randatmail.com","127-9927-40"
"Antony","Ryan","Male","20","a.ryan@randatmail.com","179-7903-40"
"Caroline","Kelley","Female","21","c.kelley@randatmail.com","649-3447-95"
"Carl","Grant","Male","30","c.grant@randatmail.com","988-6363-29"
"Stuart","Adams","Male","23","s.adams@randatmail.com","828-0257-72"
"Byron","Allen","Male","27","b.allen@randatmail.com","608-0075-57"
"Harold","Carter","Male","19","h.carter@randatmail.com","237-3501-53"
"Lenny","Carroll","Male","20","l.carroll@randatmail.com","803-4323-12"
"Sienna","Perkins","Female","30","s.perkins@randatmail.com","425-5261-15"
"Alexander","Edwards","Male","25","a.edwards@randatmail.com","316-5616-86"
"Daniel","Allen","Male","30","d.allen@randatmail.com","906-8186-93"
"Samantha","Riley","Female","29","s.riley@randatmail.com","454-2270-28"
"Victor","Harper","Male","21","v.harper@randatmail.com","252-0044-04"
"Gianna","Gray","Female","29","g.gray@randatmail.com","011-6232-00"
"Adelaide","Holmes","Female","21","a.holmes@randatmail.com","973-5409-42"
"Lucas","Ryan","Male","28","l.ryan@randatmail.com","973-5451-70"
"Grace","Harris","Female","23","g.harris@randatmail.com","071-8617-00"
"Aldus","Warren","Male","23","a.warren@randatmail.com","423-8693-35"
"Rubie","Miller","Female","22","r.miller@randatmail.com","688-2872-22"
"Rubie","Clark","Female","19","r.clark@randatmail.com","514-5080-42"
"Alen","Miller","Male","27","a.miller@randatmail.com","512-4754-62"
"Roman","Thomas","Male","24","r.thomas@randatmail.com","098-6360-77"
"Edgar","Evans","Male","18","e.evans@randatmail.com","177-1969-84"
"Daniel","Howard","Male","19","d.howard@randatmail.com","742-5565-54"
"Kristian","Armstrong","Male","28","k.armstrong@randatmail.com","418-5517-20"
"Naomi","Gray","Female","28","n.gray@randatmail.com","421-5557-17"
"Kevin","Crawford","Male","19","k.crawford@randatmail.com","843-3967-25"
"Sam","Lloyd","Male","22","s.lloyd@randatmail.com","904-6787-12"
"Adison","Warren","Male","23","a.warren@randatmail.com","154-7531-94"
"Alisa","Morgan","Female","21","a.morgan@randatmail.com","389-7152-32"
"Elian","Nelson","Male","25","e.nelson@randatmail.com","912-1740-71"
"Jared","Turner","Male","26","j.turner@randatmail.com","730-2653-46"
"Alisa","Andrews","Female","19","a.andrews@randatmail.com","817-6691-99"
"Heather","Cameron","Female","21","h.cameron@randatmail.com","224-1623-34"
"Amy","West","Female","18","a.west@randatmail.com","559-5993-42"
"Stuart","Johnson","Male","24","s.johnson@randatmail.com","278-5497-88"
"Michael","Morrison","Male","23","m.morrison@randatmail.com","302-8230-68"
"Thomas","Bennett","Male","26","t.bennett@randatmail.com","538-0102-25"
"Briony","Wells","Female","23","b.wells@randatmail.com","184-9747-10"
"Charlie","Thompson","Male","29","c.thompson@randatmail.com","240-5724-06"
"Sawyer","Bennett","Male","18","s.bennett@randatmail.com","241-0546-29"
"Vanessa","Douglas","Female","24","v.douglas@randatmail.com","217-6426-53"
"Belinda","Richardson","Female","28","b.richardson@randatmail.com","242-9598-24"
"Edith","Smith","Female","24","e.smith@randatmail.com","509-1213-95"
"Adele","Sullivan","Female","28","a.sullivan@randatmail.com","944-6376-50"
"Deanna","Mason","Female","24","d.mason@randatmail.com","647-7627-93"
"Ryan","Turner","Male","28","r.turner@randatmail.com","737-0376-74"
"Alissa","Anderson","Female","30","a.anderson@randatmail.com","610-8110-03"
"Aldus","Hunt","Male","29","a.hunt@randatmail.com","865-3302-31"
"Paul","Brown","Male","19","p.brown@randatmail.com","972-8528-85"
"Penelope","Nelson","Female","20","p.nelson@randatmail.com","812-0990-73"
"Jacob","Ross","Male","22","j.ross@randatmail.com","220-6875-13"
"Henry","Elliott","Male","20","h.elliott@randatmail.com","325-6393-64"
"Anna","Reed","Female","30","a.reed@randatmail.com","402-5801-80"
"Audrey","Richardson","Female","19","a.richardson@randatmail.com","617-5526-11"
"Mary","Hall","Female","20","m.hall@randatmail.com","363-1520-07"
"Samantha","Montgomery","Female","20","s.montgomery@randatmail.com","482-3980-31"
"Adison","Hamilton","Male","23","a.hamilton@randatmail.com","250-1712-67"
"Catherine","Andrews","Female","18","c.andrews@randatmail.com","270-4054-38"
"Catherine","Dixon","Female","24","c.dixon@randatmail.com","092-5208-65"
"Albert","Harrison","Male","23","a.harrison@randatmail.com","160-3025-39"
"Caroline","Farrell","Female","25","c.farrell@randatmail.com","882-1969-70"
"Oliver","Henderson","Male","24","o.henderson@randatmail.com","749-8190-72"
"Sienna","Mason","Female","19","s.mason@randatmail.com","971-8081-34"
"Dainton","Roberts","Male","23","d.roberts@randatmail.com","206-6550-90"
"Belinda","Adams","Female","23","b.adams@randatmail.com","826-5791-52"
"Myra","Perkins","Female","19","m.perkins@randatmail.com","984-9067-58"
"Maximilian","Chapman","Male","19","m.chapman@randatmail.com","427-2425-49"
"Michael","Stewart","Male","25","m.stewart@randatmail.com","545-8872-15"
"Albert","Holmes","Male","23","a.holmes@randatmail.com","084-8518-92"
"Lucas","Hunt","Male","28","l.hunt@randatmail.com","670-6569-94"
"Kate","Fowler","Female","26","k.fowler@randatmail.com","465-2897-09"
"Sarah","Mason","Female","26","s.mason@randatmail.com","944-0045-12"
"Mary","Hawkins","Female","28","m.hawkins@randatmail.com","583-6492-86"
"Fenton","Sullivan","Male","25","f.sullivan@randatmail.com","556-4548-64"
"Aston","Hunt","Male","30","a.hunt@randatmail.com","697-1417-57"
"Samantha","West","Female","21","s.west@randatmail.com","028-7213-67"
"James","Dixon","Male","19","j.dixon@randatmail.com","573-5988-94"
"Lilianna","Campbell","Female","21","l.campbell@randatmail.com","255-8938-88"
"Emily","Russell","Female","27","e.russell@randatmail.com","183-9819-39"
"Daryl","Crawford","Male","19","d.crawford@randatmail.com","986-5207-89"
"Rafael","Mason","Male","25","r.mason@randatmail.com","170-7673-13"
"Oliver","Brown","Male","27","o.brown@randatmail.com","222-7844-70"
"Oscar","Cooper","Male","29","o.cooper@randatmail.com","926-2810-16"
"James","Chapman","Male","30","j.chapman@randatmail.com","002-8324-06"
"Amy","Johnston","Female","25","a.johnston@randatmail.com","431-0150-81"
"Julia","Mitchell","Female","26","j.mitchell@randatmail.com","908-7060-40"
"Daniel","Crawford","Male","19","d.crawford@randatmail.com","687-8002-22"
"Brianna","Riley","Female","26","b.riley@randatmail.com","321-1208-24"
"Kevin","Wells","Male","24","k.wells@randatmail.com","888-3831-21"
"Abigail","Turner","Female","19","a.turner@randatmail.com","167-9266-02"
"Sydney","Spencer","Female","19","s.spencer@randatmail.com","207-1921-04"
"Emily","Richards","Female","20","e.richards@randatmail.com","024-1170-78"
"Reid","Rogers","Male","23","r.rogers@randatmail.com","132-6054-14"
"Connie","Parker","Female","18","c.parker@randatmail.com","311-5509-13"
"Kristian","Myers","Male","30","k.myers@randatmail.com","351-3549-67"
"Garry","Turner","Male","26","g.turner@randatmail.com","475-9186-16"
"Wilson","Foster","Male","22","w.foster@randatmail.com","301-3802-47"
"Chelsea","Perkins","Female","24","c.perkins@randatmail.com","306-5042-56"
"Sydney","Morgan","Female","24","s.morgan@randatmail.com","696-6119-72"
"Isabella","Morris","Female","27","i.morris@randatmail.com","729-5104-17"
"Steven","Hunt","Male","29","s.hunt@randatmail.com","115-3198-90"
"Adrian","Taylor","Male","23","a.taylor@randatmail.com","870-0360-42"
"Annabella","Clark","Female","20","a.clark@randatmail.com","391-1008-89"
"Lucas","Stevens","Male","29","l.stevens@randatmail.com","019-0573-23"
"Victoria","Wilson","Female","22","v.wilson@randatmail.com","437-7050-79"
"Adrian","Cooper","Male","27","a.cooper@randatmail.com","209-3538-25"
"Lucy","Brown","Female","29","l.brown@randatmail.com","965-9840-62"
"Dainton","Anderson","Male","27","d.anderson@randatmail.com","494-8036-55"
"Rubie","Bennett","Female","25","r.bennett@randatmail.com","123-4584-03"
"Brooke","Rogers","Female","30","b.rogers@randatmail.com","494-4648-21"
"Antony","Thomas","Male","29","a.thomas@randatmail.com","565-1104-75"
"Lucas","Casey","Male","25","l.casey@randatmail.com","167-9830-90"
"Briony","Edwards","Female","25","b.edwards@randatmail.com","688-6972-35"
"Thomas","Owens","Male","29","t.owens@randatmail.com","051-6094-80"
"Amber","Brooks","Female","18","a.brooks@randatmail.com","593-4298-71"
"Lucas","Lloyd","Male","19","l.lloyd@randatmail.com","233-2680-69"
"Darcy","Taylor","Female","22","d.taylor@randatmail.com","726-7363-35"
"Wilson","Richards","Male","20","w.richards@randatmail.com","201-5676-10"
"Maddie","Russell","Female","27","m.russell@randatmail.com","678-8588-35"
"Michelle","West","Female","28","m.west@randatmail.com","841-2586-45"
"Sarah","Ferguson","Female","24","s.ferguson@randatmail.com","955-8016-42"
"Lucia","Kelly","Female","18","l.kelly@randatmail.com","411-2304-02"
"Cherry","Thompson","Female","18","c.thompson@randatmail.com","660-7359-09"
"George","Martin","Male","29","g.martin@randatmail.com","004-7910-25"
"James","Scott","Male","27","j.scott@randatmail.com","527-6022-95"
"Garry","Myers","Male","27","g.myers@randatmail.com","169-0578-49"
"Adison","Ross","Male","29","a.ross@randatmail.com","916-8475-69"
"Elise","Crawford","Female","27","e.crawford@randatmail.com","106-1454-28"
"Kellan","Payne","Male","18","k.payne@randatmail.com","947-7157-06"
"Anna","Barnes","Female","22","a.barnes@randatmail.com","946-0932-36"
"Eric","Farrell","Male","25","e.farrell@randatmail.com","829-4553-50"
"Michelle","Edwards","Female","28","m.edwards@randatmail.com","246-7512-56"
"Fiona","Russell","Female","28","f.russell@randatmail.com","353-5151-50"
"Victoria","Riley","Female","24","v.riley@randatmail.com","573-9976-37"
"Edward","Higgins","Male","24","e.higgins@randatmail.com","845-0653-24"
"Kevin","Johnson","Male","30","k.johnson@randatmail.com","210-5367-01"
"Darcy","Dixon","Female","20","d.dixon@randatmail.com","252-0828-51"
"Reid","Thomas","Male","20","r.thomas@randatmail.com","176-8788-80"
"Penelope","Edwards","Female","18","p.edwards@randatmail.com","334-3055-83"
"Alisa","Thomas","Female","25","a.thomas@randatmail.com","056-4022-35"
"Walter","Farrell","Male","23","w.farrell@randatmail.com","917-8565-93"
"Olivia","Carter","Female","24","o.carter@randatmail.com","854-3049-98"
"Rubie","Spencer","Female","27","r.spencer@randatmail.com","370-2284-65"
"William","Lloyd","Male","25","w.lloyd@randatmail.com","765-6645-73"
"Madaline","Smith","Female","18","m.smith@randatmail.com","747-2551-21"
"Amy","Barnes","Female","30","a.barnes@randatmail.com","133-0217-92"
"Edgar","Armstrong","Male","24","e.armstrong@randatmail.com","327-7672-04"
"Alexander","Warren","Male","22","a.warren@randatmail.com","169-4029-79"
"Haris","Johnston","Male","19","h.johnston@randatmail.com","259-7278-57"
"Brooke","Higgins","Female","19","b.higgins@randatmail.com","032-5574-81"
"Albert","Robinson","Male","23","a.robinson@randatmail.com","785-4640-98"
"Daniel","Brown","Male","25","d.brown@randatmail.com","128-7231-56"
"Adrian","Farrell","Male","29","a.farrell@randatmail.com","978-7852-79"
"Heather","Brown","Female","19","h.brown@randatmail.com","807-7280-58"
"Heather","Murray","Female","19","h.murray@randatmail.com","495-6291-51"
"Sydney","Wells","Female","26","s.wells@randatmail.com","032-3127-75"
"Audrey","Taylor","Female","21","a.taylor@randatmail.com","040-3289-40"
"Daryl","Walker","Male","18","d.walker@randatmail.com","886-2182-47"
"Ned","Farrell","Male","26","n.farrell@randatmail.com","682-4606-22"
"Joyce","Perkins","Female","28","j.perkins@randatmail.com","183-7923-68"
"Camila","Lloyd","Female","20","c.lloyd@randatmail.com","577-4860-27"
"Hailey","Johnston","Female","22","h.johnston@randatmail.com","214-8547-51"
"Reid","Stevens","Male","27","r.stevens@randatmail.com","483-0373-37"
"Kimberly","Robinson","Female","24","k.robinson@randatmail.com","350-1256-80"
"Rosie","Grant","Female","23","r.grant@randatmail.com","454-2126-46"
"Alford","Bailey","Male","22","a.bailey@randatmail.com","430-9404-01"
"Julian","Warren","Male","19","j.warren@randatmail.com","401-2370-92"
"Ada","Stevens","Female","25","a.stevens@randatmail.com","029-6107-74"
"Henry","Murray","Male","25","h.murray@randatmail.com","096-0211-99"
"Alexander","Anderson","Male","22","a.anderson@randatmail.com","875-5105-02"
"Ned","Johnson","Male","22","n.johnson@randatmail.com","547-3940-87"
"Clark","Casey","Male","29","c.casey@randatmail.com","519-6831-28"
"Haris","Bennett","Male","30","h.bennett@randatmail.com","895-7524-31"
"Ryan","Murray","Male","22","r.murray@randatmail.com","692-3292-43"
"Leonardo","Warren","Male","19","l.warren@randatmail.com","566-3640-67"
"Elise","Carroll","Female","25","e.carroll@randatmail.com","974-4255-20"
"Cadie","Harris","Female","18","c.harris@randatmail.com","446-1943-38"
"Marcus","Mitchell","Male","22","m.mitchell@randatmail.com","704-4023-68"
"Jenna","Russell","Female","21","j.russell@randatmail.com","796-5580-15"
"Aiden","Henderson","Male","22","a.henderson@randatmail.com","241-4390-29"
"Melissa","Turner","Female","19","m.turner@randatmail.com","191-6062-46"
"Violet","Moore","Female","29","v.moore@randatmail.com","935-9036-97"
"Frederick","Richardson","Male","24","f.richardson@randatmail.com","267-6570-09"
"Amelia","Phillips","Female","21","a.phillips@randatmail.com","082-3001-31"
"Violet","Ryan","Female","24","v.ryan@randatmail.com","494-6962-85"
"Lenny","Owens","Male","20","l.owens@randatmail.com","098-5343-45"
"Daryl","Cole","Male","29","d.cole@randatmail.com","092-6026-21"
"Edwin","Richardson","Male","22","e.richardson@randatmail.com","041-5017-47"
"Aida","Warren","Female","21","a.warren@randatmail.com","107-9341-11"
"Chloe","Grant","Female","18","c.grant@randatmail.com","837-0959-54"
